flag_superbonus,totale_richiesto,totale_concesso,totale_liquidato
no,2763018960.2399983,2717935161.620006,2666649549.5199795
si,80523834.47999999,64056624.699999996,55871777.510000005
